SK_ID_CURR,NAME_CONTRACT_TYPE,CODE_GENDER,FLAG_OWN_CAR,FLAG_OWN_REALTY,CNT_CHILDREN,AMT_INCOME_TOTAL,AMT_CREDIT,AMT_ANNUITY,NAME_TYPE_SUITE,NAME_INCOME_TYPE,NAME_EDUCATION_TYPE,NAME_FAMILY_STATUS,NAME_HOUSING_TYPE,DAYS_BIRTH,DAYS_EMPLOYED,DAYS_REGISTRATION,DAYS_ID_PUBLISH,OWN_CAR_AGE,FLAG_WORK_PHONE,FLAG_PHONE,FLAG_EMAIL,OCCUPATION_TYPE,CNT_FAM_MEMBERS,REGION_RATING_CLIENT,WEEKDAY_APPR_PROCESS_START,HOUR_APPR_PROCESS_START,REG_REGION_NOT_LIVE_REGION,REG_REGION_NOT_WORK_REGION,LIVE_REGION_NOT_WORK_REGION,REG_CITY_NOT_LIVE_CITY,REG_CITY_NOT_WORK_CITY,LIVE_CITY_NOT_WORK_CITY,ORGANIZATION_TYPE,EXT_SOURCE_1,EXT_SOURCE_2,EXT_SOURCE_3,ELEVATORS_AVG,FLOORSMAX_AVG,FONDKAPREMONT_MODE,HOUSETYPE_MODE,WALLSMATERIAL_MODE,EMERGENCYSTATE_MODE,OBS_30_CNT_SOCIAL_CIRCLE,DEF_30_CNT_SOCIAL_CIRCLE,DEF_60_CNT_SOCIAL_CIRCLE,DAYS_LAST_PHONE_CHANGE,FLAG_DOCUMENT_3,FLAG_DOCUMENT_5,FLAG_DOCUMENT_6,FLAG_DOCUMENT_8,AMT_REQ_CREDIT_BUREAU_DAY,AMT_REQ_CREDIT_BUREAU_WEEK,AMT_REQ_CREDIT_BUREAU_MON,AMT_REQ_CREDIT_BUREAU_QRT,AMT_REQ_CREDIT_BUREAU_YEAR,BUREAU_SK_ID_BUREAU_count,BUREAU_AMT_CREDIT_SUM_sum,BUREAU_AMT_CREDIT_SUM_mean,BUREAU_AMT_CREDIT_SUM_max,BUREAU_AMT_CREDIT_SUM_min,BUREAU_AMT_CREDIT_SUM_DEBT_sum,BUREAU_AMT_CREDIT_SUM_DEBT_mean,BUREAU_AMT_CREDIT_SUM_LIMIT_sum,BUREAU_AMT_CREDIT_SUM_LIMIT_mean,BUREAU_AMT_CREDIT_SUM_OVERDUE_sum,BUREAU_AMT_CREDIT_SUM_OVERDUE_mean,BUREAU_DAYS_CREDIT_min,BUREAU_DAYS_CREDIT_max,BUREAU_DAYS_CREDIT_mean,BUREAU_DAYS_CREDIT_ENDDATE_min,BUREAU_DAYS_CREDIT_ENDDATE_max,BUREAU_DAYS_CREDIT_ENDDATE_mean,BUREAU_DAYS_CREDIT_UPDATE_min,BUREAU_DAYS_CREDIT_UPDATE_max,BUREAU_DAYS_CREDIT_UPDATE_mean,BUREAU_DAYS_ENDDATE_FACT_min,BUREAU_DAYS_ENDDATE_FACT_max,BUREAU_DAYS_ENDDATE_FACT_mean,BUREAU_CREDIT_DAY_OVERDUE_max,BUREAU_CREDIT_DAY_OVERDUE_mean,BUREAU_AMT_ANNUITY_mean,BUREAU_AMT_ANNUITY_max,BUREAU_ACTIVE_COUNT,BUREAU_TYPE_COUNT,BB_MONTHS_MIN_min,BB_MONTHS_MAX_max,BB_MONTHS_COUNT_sum,BB_MONTHS_COUNT_mean,BB_STATUS_CLOSED_sum,BB_STATUS_CLOSED_mean,PREV_SK_ID_PREV_count,PREV_AMT_ANNUITY_mean,PREV_AMT_ANNUITY_max,PREV_AMT_ANNUITY_min,PREV_AMT_APPLICATION_mean,PREV_AMT_APPLICATION_max,PREV_AMT_APPLICATION_min,PREV_AMT_DOWN_PAYMENT_mean,PREV_AMT_DOWN_PAYMENT_max,PREV_AMT_GOODS_PRICE_mean,PREV_AMT_GOODS_PRICE_min,PREV_DAYS_DECISION_mean,PREV_DAYS_DECISION_max,PREV_DAYS_DECISION_min,PREV_DAYS_FIRST_DRAWING_mean,PREV_DAYS_FIRST_DRAWING_max,PREV_DAYS_FIRST_DUE_mean,PREV_DAYS_FIRST_DUE_max,PREV_DAYS_LAST_DUE_1ST_VERSION_mean,PREV_DAYS_LAST_DUE_1ST_VERSION_max,PREV_DAYS_LAST_DUE_mean,PREV_DAYS_LAST_DUE_max,PREV_DAYS_TERMINATION_mean,PREV_DAYS_TERMINATION_max,PREV_RATE_DOWN_PAYMENT_max,PREV_HOUR_APPR_PROCESS_START_mean,PREV_HOUR_APPR_PROCESS_START_max,PREV_HOUR_APPR_PROCESS_START_min,PREV_APPROVED_COUNT,PREV_CONSUMER_LOAN_COUNT,PREV_CASH_PAYMENT_COUNT,PREV_GOODS_CATEGORY_NUNIQUE,PREV_PORTFOLIO_NUNIQUE,PREV_PRODUCT_TYPE_NUNIQUE,PREV_CHANNEL_NUNIQUE,PREV_SELLER_INDUSTRY_NUNIQUE,PREV_YIELD_GROUP_NUNIQUE,PREV_PRODUCT_COMBINATION_NUNIQUE,POS_SK_ID_PREV_count,POS_MONTHS_BALANCE_min,POS_MONTHS_BALANCE_max,POS_MONTHS_BALANCE_mean,POS_CNT_INSTALMENT_mean,POS_CNT_INSTALMENT_max,POS_CNT_INSTALMENT_sum,POS_SK_DPD_mean,POS_SK_DPD_max,POS_SK_DPD_DEF_mean,POS_PAYMENT_REGULARITY,CC_SK_ID_PREV_count,CC_MONTHS_BALANCE_max,CC_AMT_BALANCE_mean,CC_AMT_BALANCE_max,CC_AMT_BALANCE_min,CC_AMT_BALANCE_sum,CC_AMT_CREDIT_LIMIT_ACTUAL_mean,CC_AMT_CREDIT_LIMIT_ACTUAL_max,CC_AMT_CREDIT_LIMIT_ACTUAL_min,CC_AMT_DRAWINGS_ATM_CURRENT_sum,CC_AMT_DRAWINGS_CURRENT_mean,CC_AMT_DRAWINGS_CURRENT_max,CC_AMT_DRAWINGS_CURRENT_sum,CC_AMT_DRAWINGS_OTHER_CURRENT_sum,CC_AMT_DRAWINGS_POS_CURRENT_sum,CC_AMT_INST_MIN_REGULARITY_min,CC_AMT_PAYMENT_CURRENT_sum,CC_AMT_PAYMENT_TOTAL_CURRENT_mean,CC_AMT_PAYMENT_TOTAL_CURRENT_max,CC_AMT_PAYMENT_TOTAL_CURRENT_min,CC_CNT_DRAWINGS_ATM_CURRENT_sum,CC_CNT_DRAWINGS_CURRENT_mean,CC_CNT_DRAWINGS_CURRENT_max,CC_CNT_DRAWINGS_CURRENT_sum,CC_CNT_DRAWINGS_OTHER_CURRENT_sum,CC_CNT_INSTALMENT_MATURE_CUM_mean,CC_SK_DPD_mean,CC_SK_DPD_DEF_mean,CC_UTILIZATION_MEAN,CC_UTILIZATION_MAX,INST_SK_ID_PREV_count,INST_PAYMENT_DIFF_mean,INST_PAYMENT_DIFF_max,INST_PAYMENT_DIFF_min,INST_PAYMENT_RATIO_mean,INST_PAYMENT_RATIO_max,INST_PAYMENT_RATIO_min,INST_DAYS_ENTRY_PAYMENT_mean,INST_DAYS_ENTRY_PAYMENT_max,INST_DAYS_ENTRY_PAYMENT_min,INST_DAYS_INSTALMENT_min,INST_AMT_INSTALMENT_mean,INST_AMT_INSTALMENT_max,INST_AMT_INSTALMENT_min,INST_AMT_INSTALMENT_sum,INST_AMT_PAYMENT_min,INST_AMT_PAYMENT_sum,INST_NUM_INSTALMENT_VERSION_mean,INST_NUM_INSTALMENT_VERSION_max,INST_NUM_INSTALMENT_NUMBER_mean,INST_NUM_INSTALMENT_NUMBER_max,INST_EARLY_PAYMENT_RATE,INST_LATE_PAYMENT_RATE,INST_FULL_PAYMENT_RATE,AGE_YEARS,AGE_GROUP,AGE_SQUARED,EMPLOYMENT_YEARS,YEARS_SINCE_FIRST_JOB,CREDIT_TO_INCOME,ANNUITY_TO_INCOME,CREDIT_TO_ANNUITY,GOODS_TO_CREDIT,DOWN_PAYMENT_PROXY,DOWN_PAYMENT_RATIO,INCOME_PER_PERSON,INCOME_LOG,HIGH_INCOME_FLAG,DOCUMENT_COUNT,RECENT_PHONE_CHANGE,EXT_SOURCE_MEAN,EXT_SOURCE_MAX,EXT_SOURCE_MIN,EXT_SOURCE_STD,EXT_SOURCE_PRODUCT,EXT_SOURCE_WEIGHTED,EXT_SOURCE_1X2,EXT_SOURCE_2X3,EXT_SOURCE_1X3,EXT_SOURCE_RANGE,BUREAU_EXPOSURE_TO_INCOME,BUREAU_DEBT_TO_INCOME,PAYMENT_DISCIPLINE_SCORE,UTILITY_PROXY_SCORE,PREV_APPROVAL_RATE,BEHAVIORAL_CONSISTENCY,CROSS_SOURCE_MEAN,CROSS_SOURCE_RANGE,AGE_X_CREDIT_TO_INCOME,AGE_X_CREDIT,AGE_X_EXT_MEAN,AGE_X_EXT_SOURCE_3,EXT_MEAN_X_INCOME,EXT_MEAN_X_CREDIT,EXT_MEAN_X_CREDIT_RATIO,EMPLOYMENT_X_INCOME,EMPLOYMENT_X_CREDIT,INCOME_X_CHILDREN,PAYMENT_X_EXT_SOURCE,PAYMENT_X_CREDIT
100002,0,1,0,1,0.0,202500.0,406597.5,24700.5,6,7,4,3,1,-9461.0,-637.0,-3648.0,-2120.0,9.0,0.0,1.0,0.0,8,1.0,2.0,6,10.0,0.0,0.0,0.0,0.0,0.0,0.0,5,0.0830369666218757,0.262948602437973,0.1393757760524749,0.0,0.0833000019192695,3,1,5,0,2.0,2.0,2.0,-1134.0,1.0,0.0,0.0,0.0,0.0,0.0,0.0,0.0,1.0,8.0,865055.565,108131.945625,450000.0,0.0,245781.0,49156.2,31988.565,7997.14125,0.0,0.0,-1437.0,-103.0,-874.0,-1072.0,780.0,-349.0,-1185.0,-7.0,-499.875,-1185.0,-36.0,-697.5,0.0,0.0,0.0,0.0,2.0,2.0,-47.0,0.0,110.0,13.75,23.0,2.875,1.0,9251.775,9251.775,9251.775,179055.0,179055.0,179055.0,0.0,0.0,179055.0,179055.0,-606.0,-606.0,-606.0,365243.0,365243.0,-565.0,-565.0,125.0,125.0,-25.0,-25.0,-17.0,-17.0,0.0,9.0,9.0,9.0,1.0,1.0,0.0,1.0,1.0,1.0,1.0,1.0,1.0,1.0,19.0,-19.0,-1.0,-10.0,24.0,24.0,456.0,0.0,0.0,0.0,1.0,22.0,-1.0,26793.606315789475,97424.325,0.0,738575.28,149727.27272727274,180000.0,45000.0,67500.0,3473.671875,69611.31,146978.505,0.0,0.0,0.0,145804.5,4093.97186440678,24355.71,0.0,3.0,0.2162162162162162,3.0,9.0,0.0,3.8888888359069824,0.0,0.0,0.2526552666666666,0.95115135,19.0,-20.42105293273925,-12.0,-31.0,1.0,1.0,1.0,-315.4210510253906,-49.0,-587.0,-565.0,11559.24710526316,53093.745,9251.775,219625.695,9251.775,219625.695,1.0526316165924072,2.0,10.0,19.0,1.0,0.0,1.0,25.92054794520548,2.0,671.8748057796961,1.7452054794520548,24.175342465753427,2.007878973437168,0.1219771754213559,16.46043762524543,0.8632594561957312,55597.5,0.1583969846239754,101250.0,12.218500103788145,0,1.0,0,0.1617871150374412,0.262948602437973,0.0830369666218757,0.0920258130191215,0.0030431940160773,0.1651798620820045,0.0218344543239108,0.0366486655267061,0.0115733416639673,0.1799116358160973,4.2718582377370975,1.213727339618076,1.8,1.0,0.5,1.0,1.0,0.0,52.04532319914808,10539229.993150683,4.19361067224447,3.612696485568397,32761.890795081847,65782.236506436,0.3248489464567385,353404.1095890411,709596.1849315069,0.0,0.2912168070673942,731875.5
100003,0,0,0,0,0.0,270000.0,1293502.5,35698.5,1,4,1,1,1,-16765.0,-1188.0,-1186.0,-291.0,9.0,0.0,1.0,0.0,3,2.0,1.0,1,11.0,0.0,0.0,0.0,0.0,0.0,0.0,39,0.3112673163414001,0.6222457885742188,0.5352762341499329,0.0799999982118606,0.291700005531311,3,1,0,0,1.0,0.0,0.0,-828.0,1.0,0.0,0.0,0.0,0.0,0.0,0.0,0.0,0.0,4.0,1017400.5,254350.125,810000.0,22248.0,0.0,0.0,810000.0,202500.0,0.0,0.0,-2586.0,-606.0,-1400.75,-2434.0,1216.0,-544.5,-2131.0,-43.0,-816.0,-2131.0,-540.0,-1097.3333740234375,0.0,0.0,6494.162142857143,12491.19,1.0,2.0,-57.0,0.0,110.0,24.75,40.0,9.0,3.0,56553.99,98356.995,6737.31,435436.5,900000.0,68809.5,3442.5,6885.0,435436.5,68809.5,-1305.0,-746.0,-2341.0,365243.0,365243.0,-1274.3333333333333,-716.0,-1004.3333333333334,-386.0,-1054.3333333333333,-536.0,-1047.3333333333333,-527.0,0.1000605970621109,14.666666666666666,17.0,12.0,3.0,2.0,2.0,3.0,2.0,2.0,3.0,3.0,2.0,3.0,28.0,-77.0,-18.0,-43.785714285714285,10.107142448425291,12.0,283.0,0.0,0.0,0.0,0.7777777777777777,22.0,-1.0,26793.606315789475,97424.325,0.0,738575.28,149727.27272727274,180000.0,45000.0,67500.0,3473.671875,69611.31,146978.505,0.0,0.0,0.0,145804.5,4093.97186440678,24355.71,0.0,3.0,0.2162162162162162,3.0,9.0,0.0,3.8888888359069824,0.0,0.0,0.2526552666666666,0.95115135,25.0,-7.159999847412109,-1.0,-14.0,1.0,1.0,1.0,-1385.3199462890625,-544.0,-2324.0,-2310.0,64754.586,560835.36,6662.97,1618864.65,6662.97,1618864.65,1.0399999618530271,2.0,5.08,12.0,0.56,0.0,1.0,45.93150684931507,4.0,2109.7033214486773,3.254794520547945,42.67671232876712,4.790732256547198,0.1322161769771223,36.23307049118335,0.8732098521573386,164002.5,0.1451990746356134,90000.0,12.506180941677355,0,1.0,0,0.4895964463551839,0.6222457885742188,0.3112673163414001,0.1604427773625053,0.1036748578917664,0.516565316915512,0.1936847767142353,0.3330733824236631,0.1666139969051805,0.3109784722328186,3.768136043940578,0.0,1.36,0.7777777777777777,0.75,1.0,1.0,0.0,220.04555145483224,59412518.93835617,22.48790252916345,24.58604401513322,132191.04051589966,633294.2273515463,2.3455254882446592,878794.5205479452,4210084.849315069,0.0,0.6658511670430501,1759163.4
100004,1,1,1,1,0.0,67500.0,135000.0,6750.0,6,7,4,3,1,-19046.0,-225.0,-4260.0,-2531.0,26.0,1.0,1.0,0.0,8,1.0,2.0,1,9.0,0.0,0.0,0.0,0.0,0.0,0.0,11,0.5059979557991028,0.5559120774269104,0.7295666933059692,0.0,0.166700005531311,0,0,6,1,0.0,0.0,0.0,-815.0,0.0,0.0,0.0,0.0,0.0,0.0,0.0,0.0,0.0,2.0,189037.8,94518.9,94537.8,94500.0,0.0,0.0,0.0,0.0,0.0,0.0,-1326.0,-408.0,-867.0,-595.0,-382.0,-488.5,-682.0,-382.0,-532.0,-683.0,-382.0,-532.5,0.0,0.0,6494.162142857143,12491.19,0.0,1.0,-57.0,0.0,110.0,24.75,40.0,9.0,1.0,5357.25,5357.25,5357.25,24282.0,24282.0,24282.0,4860.0,4860.0,24282.0,24282.0,-815.0,-815.0,-815.0,365243.0,365243.0,-784.0,-784.0,-694.0,-694.0,-724.0,-724.0,-714.0,-714.0,0.2120075970888137,5.0,5.0,5.0,1.0,1.0,1.0,1.0,1.0,1.0,1.0,1.0,1.0,1.0,4.0,-27.0,-24.0,-25.5,3.75,4.0,15.0,0.0,0.0,0.0,0.3333333333333333,22.0,-1.0,26793.606315789475,97424.325,0.0,738575.28,149727.27272727274,180000.0,45000.0,67500.0,3473.671875,69611.31,146978.505,0.0,0.0,0.0,145804.5,4093.97186440678,24355.71,0.0,3.0,0.2162162162162162,3.0,9.0,0.0,3.8888888359069824,0.0,0.0,0.2526552666666666,0.95115135,3.0,-7.666666507720947,-3.0,-11.0,1.0,1.0,1.0,-761.6666870117188,-727.0,-795.0,-784.0,7096.155,10573.965,5357.25,21288.465,5357.25,21288.465,1.3333333730697632,2.0,2.0,3.0,0.6666666666666666,0.0,1.0,52.18082191780822,4.0,2722.8381760180146,0.6164383561643836,51.56438356164384,1.9999703708093213,0.099998518540466,19.99703747592949,0.999992592647462,0.0,0.0,33750.0,11.119897691565695,0,0.0,0,0.5971589088439941,0.7295666933059692,0.5059979557991028,0.1173529757784843,0.2052200885885364,0.6327565610408783,0.2812903747820492,0.4055749360972029,0.3691592554319314,0.2235687375068664,2.800518510836876,0.0,1.4666666666666668,0.3333333333333333,0.5,1.0,1.0,0.0,104.36009776009406,7044410.958904109,31.160242679021128,38.069389700562986,40308.2263469696,80616.45269393921,1.1943001243528126,41609.58904109589,83219.17808219178,0.0,0.8758330663045248,198000.00000000003
100006,0,0,0,1,0.0,135000.0,312682.5,29686.5,6,7,4,0,1,-19005.0,-3039.0,-9833.0,-2437.0,9.0,0.0,0.0,0.0,8,2.0,2.0,6,17.0,0.0,0.0,0.0,0.0,0.0,0.0,5,0.5059979557991028,0.6504417061805725,0.5352762341499329,0.0,0.166700005531311,0,0,6,1,2.0,0.0,0.0,-617.0,1.0,0.0,0.0,0.0,0.0,0.0,0.0,0.0,1.0,4.0,961704.0,195507.18409090908,450000.0,39534.435,169020.0,44208.035,0.0,0.0,0.0,0.0,-1827.0,-300.0,-1050.571428571429,-1268.0,909.0,-135.5777816772461,-1055.0,-19.0,-481.8333333333333,-1452.0,-345.0,-928.4000244140624,0.0,0.0,6494.162142857143,12491.19,2.0,2.0,-57.0,0.0,110.0,24.75,40.0,9.0,9.0,23651.175,39954.51,2482.92,272203.26,688500.0,0.0,34840.17,66987.0,408304.89,26912.34,-272.44444444444446,-181.0,-617.0,365243.0,365243.0,91066.5,365243.0,91584.0,365243.0,182477.5,365243.0,182481.75,365243.0,0.2178298830986023,14.666666666666666,15.0,12.0,5.0,2.0,4.0,3.0,4.0,2.0,3.0,3.0,4.0,7.0,21.0,-20.0,-1.0,-9.61904761904762,12.0,48.0,240.0,0.0,0.0,0.0,0.5833333333333334,6.0,-1.0,0.0,0.0,0.0,0.0,270000.0,270000.0,270000.0,0.0,0.0,0.0,0.0,0.0,0.0,0.0,0.0,0.0,0.0,0.0,0.0,0.0,0.0,0.0,0.0,0.0,0.0,0.0,0.0,0.0,16.0,-19.375,-1.0,-77.0,1.0,1.0,1.0,-271.625,-12.0,-575.0,-545.0,62947.0884375,691786.89,2482.92,1007153.415,2482.92,1007153.415,1.125,2.0,4.4375,10.0,0.5,0.0,1.0,52.06849315068493,4.0,2711.127978982923,8.326027397260274,43.74246575342465,2.31614951000363,0.2198983711231768,10.532463157894735,0.949842252629256,15682.5,0.0528028525156481,45000.0,11.81303746480054,0,1.0,0,0.5639052987098694,0.6504417061805725,0.5059979557991028,0.0763591301629925,0.1761712777100843,0.5639702200889587,0.3291221736938503,0.3481659870183939,0.2708486802677079,0.1444437503814697,7.1236805653291455,1.2519907259946224,1.3,0.5833333333333334,0.5,1.0,1.0,0.0,120.59841489758624,16280906.60958904,29.36169918350977,27.8710269315602,76127.21532583237,176323.31856384873,1.3060889812953145,1124013.6986301371,2603403.061643836,0.0,0.7330768883228302,406487.25
100007,0,1,0,1,0.0,121500.0,513000.0,21865.5,6,7,4,3,1,-19932.0,-3038.0,-4311.0,-3458.0,9.0,0.0,0.0,0.0,3,1.0,2.0,4,11.0,0.0,0.0,0.0,0.0,1.0,1.0,37,0.5059979557991028,0.3227382898330688,0.5352762341499329,0.0,0.166700005531311,0,0,6,1,0.0,0.0,0.0,-1106.0,0.0,0.0,0.0,1.0,0.0,0.0,0.0,0.0,0.0,1.0,146250.0,146250.0,146250.0,146250.0,0.0,0.0,0.0,0.0,0.0,0.0,-1149.0,-1149.0,-1149.0,-783.0,-783.0,-783.0,-783.0,-783.0,-783.0,-783.0,-783.0,-783.0,0.0,0.0,6494.162142857143,12491.19,0.0,1.0,-57.0,0.0,110.0,24.75,40.0,9.0,6.0,12278.805,22678.785,1834.29,150530.25,247500.0,17176.5,3390.75,3676.5,150530.25,17176.5,-1222.8333333333333,-374.0,-2357.0,365243.0,365243.0,-1263.2,-344.0,-837.2,346.0,72136.2,365243.0,72143.8,365243.0,0.2188898622989654,12.333333333333334,15.0,8.0,6.0,2.0,5.0,2.0,2.0,3.0,4.0,3.0,2.0,4.0,66.0,-77.0,-1.0,-33.63636363636363,15.333333015441896,24.0,1012.0,0.0,0.0,0.0,0.9666666666666666,22.0,-1.0,26793.606315789475,97424.325,0.0,738575.28,149727.27272727274,180000.0,45000.0,67500.0,3473.671875,69611.31,146978.505,0.0,0.0,0.0,145804.5,4093.97186440678,24355.71,0.0,3.0,0.2162162162162162,3.0,9.0,0.0,3.8888888359069824,0.0,0.0,0.2526552666666666,0.95115135,66.0,-3.6363637447357178,12.0,-31.0,0.9545454545454546,1.0,5.032079506856208e-05,-1032.242431640625,-14.0,-2318.0,-2326.0,12666.444545454546,22678.785,1821.78,835985.34,0.18,806127.975,1.1666666269302368,2.0,7.045454545454546,17.0,0.303030303030303,0.0757575757575757,0.9545454545454546,54.608219178082194,4.0,2982.057601801464,8.323287671232876,46.28493150684932,4.222187471708052,0.1799614817985037,23.460544668785584,0.9999980506860612,0.0,0.0,60750.0,11.707677772181546,0,1.0,0,0.4546708265940348,0.5352762341499329,0.3227382898330688,0.1151909288439628,0.0874132398731437,0.4656591951847076,0.1633049149136311,0.1727541363978346,0.2708486802677079,0.212537944316864,1.2036937967588743,0.0,0.9757575757575758,0.9666666666666666,0.8571428571428571,0.9562613432432102,0.9747474747474748,0.0757575757575756,230.56613886598603,28014016.438356165,24.82876415252686,29.23048191527798,55242.50543117523,233246.13404273987,1.9197054677964784,1011279.4520547944,4269846.575342465,0.0,0.4436485035250885,500563.6363636364
100008,0,1,0,1,0.0,99000.0,490495.5,27517.5,5,4,4,1,1,-16941.0,-1588.0,-4970.0,-477.0,9.0,1.0,1.0,0.0,8,2.0,2.0,6,16.0,0.0,0.0,0.0,0.0,0.0,0.0,33,0.5059979557991028,0.3542247414588928,0.6212263107299805,0.0,0.166700005531311,0,0,6,1,0.0,0.0,0.0,-2536.0,1.0,0.0,0.0,0.0,0.0,0.0,0.0,1.0,1.0,3.0,468445.5,156148.5,267606.0,95134.5,240057.0,80019.0,0.0,0.0,0.0,0.0,-1097.0,-78.0,-757.3333333333334,-853.0,471.0,-391.3333435058594,-1027.0,-16.0,-611.0,-1028.0,-790.0,-909.0,0.0,0.0,6494.162142857143,12491.19,1.0,1.0,-57.0,0.0,110.0,24.75,40.0,9.0,5.0,15839.69625,25309.575,8019.09,155701.8,450000.0,0.0,5548.5,12145.5,194627.25,44455.5,-1192.0,-82.0,-2536.0,365243.0,365243.0,-1434.5,-339.0,-1044.5,261.0,-1209.5,-69.0,-872.75,-66.0,0.1102430298924446,12.0,18.0,9.0,4.0,3.0,4.0,4.0,3.0,2.0,3.0,3.0,3.0,4.0,83.0,-84.0,-2.0,-43.66265060240964,11.518072128295898,30.0,956.0,339.06024096385545,1294.0,0.0,0.5833333333333333,22.0,-1.0,26793.606315789475,97424.325,0.0,738575.28,149727.27272727274,180000.0,45000.0,67500.0,3473.671875,69611.31,146978.505,0.0,0.0,0.0,145804.5,4093.97186440678,24355.71,0.0,3.0,0.2162162162162162,3.0,9.0,0.0,3.8888888359069824,0.0,0.0,0.2526552666666666,0.95115135,35.0,26.11428642272949,1317.0,-28.0,0.9714285714285714,1.0,0.0189518657150687,-1237.800048828125,-82.0,-2519.0,-2491.0,27702.964285714286,432218.295,8003.475,969603.75,227.16,957617.595,1.0285714864730835,2.0,5.057142857142857,10.0,0.7142857142857143,0.0285714285714285,0.9428571428571428,46.41369863013698,4.0,2154.23142052918,4.35068493150685,42.06301369863014,4.954449955050959,0.2779517378612337,17.824209168377635,0.9266121164982828,35995.5,0.0791978455492947,33000.0,11.502885230075814,0,1.0,0,0.493816335995992,0.6212263107299805,0.3542247414588928,0.133916964549218,0.1113467371946984,0.5180801689624787,0.1792369950716654,0.2200537293057891,0.3143392433179883,0.2670015692710876,4.731724932071393,2.424793688952637,1.4342857142857144,0.5833333333333333,0.6666666666666666,0.9320716849776968,0.9473729488000352,0.1293097250284658,229.95434709183093,22765710.316438355,22.91984259755644,28.83341076733315,48887.81726360321,242214.6906325221,2.4465883236787715,430717.8082191781,2133991.380821918,0.0,0.7082737161999657,703510.6885714286
100009,0,0,1,1,1.0,171000.0,1560726.0,41301.0,6,1,1,1,1,-13778.0,-3130.0,-1213.0,-619.0,17.0,0.0,1.0,0.0,0,3.0,2.0,3,16.0,0.0,0.0,0.0,0.0,0.0,0.0,5,0.774761438369751,0.7239998579025269,0.4920600950717926,0.0,0.166700005531311,0,0,6,1,1.0,0.0,0.0,-1562.0,0.0,0.0,0.0,1.0,0.0,0.0,1.0,1.0,2.0,18.0,4800811.5,266711.75,1777500.0,35770.5,1077349.5,76953.53571428571,0.0,0.0,0.0,0.0,-2882.0,-239.0,-1271.5,-2152.0,1402.0,-794.9375,-2152.0,-23.0,-851.6111111111111,-2152.0,-313.0,-1108.5,0.0,0.0,6494.162142857143,12491.19,4.0,2.0,-57.0,0.0,110.0,24.75,40.0,9.0,7.0,10051.412142857142,17341.605,7435.845,76741.71428571429,110160.0,40455.0,9203.142857142857,22032.0,76741.71428571429,40455.0,-719.2857142857143,-74.0,-1562.0,365243.0,365243.0,-688.2857142857143,-43.0,-478.2857142857143,227.0,51666.857142857145,365243.0,51672.857142857145,365243.0,0.2095244973897934,13.714285714285714,18.0,11.0,7.0,7.0,7.0,4.0,1.0,1.0,2.0,2.0,4.0,3.0,64.0,-96.0,-1.0,-33.0625,7.875,12.0,504.0,0.0,0.0,0.0,0.65625,22.0,-1.0,26793.606315789475,97424.325,0.0,738575.28,149727.27272727274,180000.0,45000.0,67500.0,3473.671875,69611.31,146978.505,0.0,0.0,0.0,145804.5,4093.97186440678,24355.71,0.0,3.0,0.2162162162162162,3.0,9.0,0.0,3.8888888359069824,0.0,0.0,0.2526552666666666,0.95115135,51.0,-8.588234901428223,7.0,-23.0,1.0,1.0,1.0,-864.4117431640625,-58.0,-2914.0,-2908.0,9568.531764705882,17341.605,6155.28,487995.12,6155.28,487995.12,1.0,1.0,4.549019607843137,12.0,0.7843137254901961,0.0196078431372549,1.0,37.74794520547945,3.0,1424.9073672358793,8.575342465753424,29.17260273972603,9.126999257314283,0.2415249033631382,37.78814585250109,0.8938142288817967,165726.0,0.1187999148387707,42750.0,12.049424683420916,0,2.0,0,0.6636071304480234,0.774761438369751,0.4920600950717926,0.1507165336738573,0.276009877232353,0.6181822925806045,0.560927171288057,0.3562514389114817,0.3812291870221784,0.2827013432979584,28.074756872766827,6.300252630101578,1.5607843137254904,0.65625,0.875,0.988679406486478,0.9934640522875816,0.0196078431372549,344.5254678555513,58914199.52876712,25.049805598117445,18.57425750657304,113476.819306612,1035708.902275622,6.0567417867475735,1466383.5616438356,13383759.945205478,171000.0,1.0357475996796603,2435956.6588235297
100010,0,1,1,1,0.0,360000.0,1530000.0,42075.0,6,4,1,1,1,-18850.0,-449.0,-4597.0,-2379.0,8.0,1.0,0.0,0.0,10,2.0,3.0,1,16.0,0.0,0.0,0.0,0.0,1.0,1.0,33,0.5059979557991028,0.714279294013977,0.5406544208526611,0.0,0.166700005531311,0,0,6,1,2.0,0.0,0.0,-1070.0,1.0,0.0,0.0,0.0,0.0,0.0,0.0,0.0,0.0,2.0,990000.0,495000.0,675000.0,315000.0,348007.5,174003.75,0.0,0.0,0.0,0.0,-2741.0,-1138.0,-1939.5,-928.0,689.0,-119.5,-1138.0,-18.0,-578.0,-1138.0,-1138.0,-1138.0,0.0,0.0,6494.162142857143,12491.19,1.0,2.0,-90.0,-2.0,72.0,36.0,52.0,26.0,1.0,27463.41,27463.41,27463.41,247212.0,247212.0,247212.0,0.0,0.0,247212.0,247212.0,-1070.0,-1070.0,-1070.0,365243.0,365243.0,-1039.0,-1039.0,-769.0,-769.0,-769.0,-769.0,-762.0,-762.0,0.0,16.0,16.0,16.0,1.0,1.0,1.0,1.0,1.0,1.0,1.0,1.0,1.0,1.0,11.0,-35.0,-25.0,-30.0,10.0,10.0,110.0,0.0,0.0,0.0,0.9166666666666666,22.0,-1.0,26793.606315789475,97424.325,0.0,738575.28,149727.27272727274,180000.0,45000.0,67500.0,3473.671875,69611.31,146978.505,0.0,0.0,0.0,145804.5,4093.97186440678,24355.71,0.0,3.0,0.2162162162162162,3.0,9.0,0.0,3.8888888359069824,0.0,0.0,0.2526552666666666,0.95115135,10.0,-11.899999618530272,-5.0,-30.0,1.0,1.0,1.0,-915.9000244140624,-774.0,-1069.0,-1039.0,27449.208,27463.41,27321.39,274492.08,27321.39,274492.08,1.0,1.0,5.5,10.0,0.9,0.0,1.0,51.64383561643836,4.0,2667.085757177708,1.2301369863013698,50.41369863013699,4.249988194477238,0.116874675348124,36.36277212662801,0.999999346405656,0.0,0.0,120000.0,12.793862088206213,1,1.0,0,0.586977223555247,0.714279294013977,0.5059979557991028,0.1116003158589245,0.1954054091383387,0.5858105897903443,0.3614238626406987,0.3861782580321744,0.2735700317451943,0.2082813382148742,2.74999236113233,0.9666848147644034,1.7000000000000002,0.9166666666666666,0.5,1.0,1.0,0.0,219.48569168738612,79015068.4931507,30.313755243880564,27.921468035815515,211311.8004798889,898075.1520395279,2.494646270536826,442849.31506849313,1882109.589041096,0.0,0.99786128004392,2601000.0000000005
100011,0,0,0,1,0.0,112500.0,1019610.0,33826.5,0,3,4,1,1,-20099.0,365243.0,-7427.0,-3514.0,9.0,0.0,0.0,0.0,17,2.0,2.0,6,14.0,0.0,0.0,0.0,0.0,0.0,0.0,57,0.5873340368270874,0.2057472914457321,0.7517237067222595,0.0,0.166700005531311,0,0,6,1,1.0,0.0,0.0,0.0,1.0,0.0,0.0,0.0,0.0,0.0,0.0,0.0,1.0,4.0,435228.3,108807.075,145242.0,54000.0,0.0,0.0,0.0,0.0,0.0,0.0,-2508.0,-1309.0,-1773.0,-2173.0,-860.0,-1293.25,-2172.0,-965.0,-1454.75,-2197.0,-968.0,-1463.25,0.0,0.0,6494.162142857143,12491.19,0.0,2.0,-57.0,0.0,110.0,24.75,40.0,9.0,4.0,18303.195,31295.25,9000.0,202732.875,675000.0,0.0,6797.25,13594.5,270310.5,0.0,-1784.5,-1162.0,-2508.0,242736.3333333333,365243.0,-1955.0,-1159.0,120935.66666666669,365243.0,-1231.0,-289.0,121258.0,365243.0,0.100010447204113,11.75,17.0,9.0,3.0,1.0,3.0,2.0,4.0,3.0,3.0,2.0,3.0,4.0,75.0,-83.0,-10.0,-46.4,19.18666648864746,30.0,1439.0,205.66666666666663,952.0,0.3466666666666667,0.5,74.0,-2.0,54482.11114864865,189000.0,0.0,4031676.225,164189.1891891892,180000.0,90000.0,180000.0,2432.4324324324325,180000.0,180000.0,0.0,0.0,0.0,358386.75,4520.067567567568,55485.0,0.0,4.0,0.054054054054054,4.0,4.0,0.0,25.76712417602539,0.0,0.0,0.3026783952702702,1.05,130.0,3.1384615898132324,958.0,-32.0,0.9076923076923076,1.0,0.0147487238478682,-1150.923095703125,-37.0,-2477.0,-2477.0,13575.715615384615,46485.0,563.355,1764843.03,449.685,1472756.175,0.4153846204280853,1.0,28.446153846153845,76.0,0.2846153846153846,0.0461538461538461,0.823076923076923,55.06575342465754,5.0,3032.237200225183,4.515068493150685,32.74520547945205,9.06311943893832,0.3006773273126461,30.141452959869927,0.8959299183708297,106110.0,0.1161575083114304,37500.0,11.630717389475995,0,1.0,1,0.5149350116650263,0.7517237067222595,0.2057472914457321,0.2800960114726097,0.0908400872735343,0.5550528481602668,0.1208423872510611,0.1546651165736507,0.4415129192478062,0.5459764152765274,3.868661611896783,0.0,0.8876923076923077,0.5,0.6,0.9605778556696962,0.9584698831172964,0.0784365044942644,499.0675002827981,56145592.84931507,28.35528438206949,41.39423227783752,57930.18881231546,525032.8872437775,4.666917514011231,690410.9589041095,2130476.05479452,0.0,0.4571038488164926,905099.9538461538
100012,1,1,0,1,0.0,135000.0,405000.0,20250.0,6,7,4,3,1,-14469.0,-2019.0,-14437.0,-3992.0,9.0,0.0,0.0,0.0,8,1.0,2.0,4,8.0,0.0,0.0,0.0,0.0,0.0,0.0,9,0.5059979557991028,0.746643602848053,0.5352762341499329,0.0,0.166700005531311,0,0,6,1,2.0,0.0,0.0,-1673.0,0.0,0.0,0.0,0.0,0.0,0.0,0.0,0.0,1.0,4.0,961704.0,195507.18409090908,450000.0,39534.435,169020.0,44208.035,0.0,0.0,0.0,0.0,-1827.0,-300.0,-1050.571428571429,-1268.0,909.0,-135.5777816772461,-1055.0,-19.0,-481.8333333333333,-1452.0,-345.0,-928.4000244140624,0.0,0.0,6494.162142857143,12491.19,2.0,2.0,-57.0,0.0,110.0,24.75,40.0,9.0,4.0,7894.155,11188.035,3012.075,60930.0,135000.0,0.0,0.0,0.0,81240.0,18720.0,-779.75,-107.0,-1673.0,365243.0,365243.0,-973.3333333333334,-477.0,-463.3333333333333,33.0,-563.3333333333334,-142.0,-559.3333333333334,-137.0,0.0,12.5,15.0,9.0,3.0,1.0,2.0,2.0,3.0,2.0,2.0,2.0,2.0,3.0,46.0,-55.0,-5.0,-22.08695652173913,19.0217399597168,24.0,875.0,0.0,0.0,0.0,0.9444444444444444,22.0,-1.0,26793.606315789475,97424.325,0.0,738575.28,149727.27272727274,180000.0,45000.0,67500.0,3473.671875,69611.31,146978.505,0.0,0.0,0.0,145804.5,4093.97186440678,24355.71,0.0,3.0,0.2162162162162162,3.0,9.0,0.0,3.8888888359069824,0.0,0.0,0.2526552666666666,0.95115135,48.0,-25.3125,14.0,-90.0,1.0496210794810412,6.189100176063858,0.0019421827145738,-690.3125,-151.0,-1645.0,-1641.0,9584.503125,49204.89,3012.075,460056.15,5.85,501661.71,2.0,4.0,9.041666666666666,23.0,0.75,0.0208333333333333,0.8958333333333334,39.64109589041096,3.0,1571.4164833927566,5.531506849315068,34.10958904109589,2.999977777942385,0.1499988888971193,19.999012394449657,0.9999975308702942,0.0,0.0,67500.0,11.81303746480054,0,0.0,0,0.5959725975990295,0.746643602848053,0.5059979557991028,0.1313035348452607,0.2022274344617217,0.5928307890892028,0.3778001367515919,0.3996605759846439,0.2708486802677079,0.2406456470489502,7.1236805653291455,1.2519907259946224,1.4416666666666669,0.9444444444444444,0.6,0.9879718693918828,0.9930555555555556,0.0208333333333332,118.9224067645161,16054643.835616438,23.625006889480435,21.21893652579556,80456.30067586899,241368.90202760696,1.787904549059688,746753.4246575342,2240260.2739726026,0.0,0.8591938282052677,583875.0000000001
